sent11,计,2
sent12,算,22
sent13,机,22
sent14,体,22
sent15,系,22
sent16,结,22
sent17,构,22
sent18,是,0
sent19,一,0
sent110,门,0
sent111,比,0
sent112,较,0
sent113,抽,0
sent114,象,0
sent115,的,0
sent116,学,2
sent117,科,22
sent118,，,0
sent119,很,0
sent120,有,0
sent121,可,0
sent122,能,0
sent123,经,0
sent124,过,0
sent125,一,0
sent126,个,0
sent127,学,0
sent128,期,0
sent129,的,0
sent130,学,0
sent131,习,0
sent132,只,0
sent133,学,0
sent134,到,0
sent135,一,0
sent136,些,0
sent137,概,0
sent138,念,0
sent139,。,0
sent21,本,0
sent22,课,0
sent23,程,0
sent24,教,0
sent25,学,0
sent26,希,0
sent27,望,0
sent28,达,0
sent29,到,0
sent210,三,0
sent211,个,0
sent212,目,0
sent213,的,0
sent214,。,0
sent31,一,0
sent32,是,0
sent33,建,0
sent34,立,0
sent35,学,8
sent36,生,88
sent37,的,0
sent38,系,0
sent39,统,0
sent310,观,0
sent311,。,0
sent41,计,12
sent42,算,120
sent43,机,120
sent44,系,120
sent45,统,120
sent46,的,0
sent47,复,0
sent48,杂,0
sent49,性,0
sent410,体,0
sent411,现,0
sent412,在,0
sent413,计,12
sent414,算,120
sent415,机,120
sent416,中,0
sent417,各,0
sent418,部,0
sent419,分,0
sent420,之,0
sent421,间,0
sent422,的,0
sent423,关,0
sent424,系,0
sent425,非,0
sent426,常,0
sent427,复,0
sent428,杂,0
sent429,。,0
sent51,如,0
sent52,苹,14
sent53,果,140
sent54,i,0
sent55,P,0
sent56,h,0
sent57,o,0
sent58,n,0
sent59,e,0
sent510,的,0
sent511,C,0
sent512,P,0
sent513,U,0
sent514,性,0
sent515,能,0
sent516,不,0
sent517,如,0
sent518,I,14
sent519,n,140
sent520,t,140
sent521,e,140
sent522,l,140
sent523,的,0
sent524,X,0
sent525,8,0
sent526,6,0
sent527,C,0
sent528,P,0
sent529,U,0
sent530,，,0
sent531,但,0
sent532,用,0
sent533,户,0
sent534,体,0
sent535,验,0
sent536,明,0
sent537,显,0
sent538,好,0
sent539,于,0
sent540,桌,12
sent541,面,120
sent542,计,120
sent543,算,120
sent544,机,120
sent545,，,0
sent546,这,0
sent547,就,0
sent548,是,0
sent549,系,0
sent550,统,0
sent551,优,0
sent552,化,0
sent553,的,0
sent554,结,0
sent555,果,0
sent556,。,0
sent61,希,0
sent62,望,0
sent63,学,0
sent64,生,0
sent65,学,0
sent66,完,0
sent67,这,0
sent68,门,0
sent69,课,0
sent610,程,0
sent611,后,0
sent612,能,0
sent613,够,0
sent614,从,0
sent615,系,0
sent616,统,0
sent617,的,0
sent618,角,0
sent619,度,0
sent620,看,0
sent621,待,0
sent622,计,0
sent623,算,0
sent624,机,0
sent625,，,0
sent626,不,0
sent627,再,0
sent628,简,0
sent629,单,0
sent630,地,0
sent631,以,0
sent632,主,0
sent633,频,0
sent634,论,0
sent635,性,0
sent636,能,0
sent637,，,0
sent638,或,0
sent639,者,0
sent640,简,0
sent641,单,0
sent642,地,0
sent643,把,0
sent644,用,0
sent645,户,0
sent646,体,0
sent647,验,0
sent648,归,0
sent649,结,0
sent650,于,0
sent651,C,0
sent652,P,0
sent653,U,0
sent654,的,0
sent655,单,0
sent656,项,0
sent657,性,0
sent658,能,0
sent659,。,0
sent71,二,0
sent72,是,0
sent73,掌,0
sent74,握,0
sent75,计,0
sent76,算,0
sent77,机,0
sent78,体,0
sent79,系,0
sent710,结,0
sent711,构,0
sent712,的,0
sent713,若,0
sent714,干,0
sent715,概,0
sent716,念,0
sent717,。,0
sent81,计,0
sent82,算,0
sent83,机,0
sent84,体,0
sent85,系,0
sent86,结,0
sent87,构,0
sent88,中,0
sent89,的,0
sent810,概,0
sent811,念,0
sent812,很,0
sent813,多,0
sent814,，,0
sent815,虽,0
sent816,然,0
sent817,抽,0
sent818,象,0
sent819,，,0
sent820,但,0
sent821,是,0
sent822,必,0
sent823,须,0
sent824,掌,0
sent825,握,0
sent826,。,0
sent91,比,0
sent92,如,0
sent93,计,0
sent94,算,0
sent95,机,0
sent96,体,0
sent97,系,0
sent98,结,0
sent99,构,0
sent910,的,0
sent911,四,0
sent912,大,0
sent913,设,0
sent914,计,0
sent915,原,0
sent916,则,0
sent917,，,0
sent918,指,0
sent919,令,0
sent920,系,0
sent921,统,0
sent922,结,0
sent923,构,0
sent924,，,0
sent925,处,0
sent926,理,0
sent927,器,0
sent928,流,0
sent929,水,0
sent930,线,0
sent931,，,0
sent932,等,0
sent933,等,0
sent934,。,0
sent101,三,1
sent102,是,0
sent103,掌,0
sent104,握,0
sent105,一,0
sent106,些,0
sent107,重,0
sent108,点,0
sent109,知,0
sent1010,识,0
sent1011,并,0
sent1012,具,0
sent1013,备,0
sent1014,一,0
sent1015,些,0
sent1016,重,0
sent1017,点,0
sent1018,能,0
sent1019,力,0
sent1020,。,0
sent111,主,0
sent112,要,0
sent113,包,0
sent114,括,0
sent115,：,0
sent116,计,0
sent117,算,0
sent118,机,0
sent119,的,0
sent1110,A,0
sent1111,B,0
sent1112,I,0
sent1113,接,0
sent1114,口,0
sent1115,，,0
sent1116,存,0
sent1117,储,0
sent1118,管,0
sent1119,理,0
sent1120,中,0
sent1121,的,0
sent1122,虚,0
sent1123,实,0
sent1124,地,0
sent1125,址,0
sent1126,转,0
sent1127,换,0
sent1128,过,0
sent1129,程,0
sent1130,，,0
sent1131,通,0
sent1132,过,0
sent1133,I,0
sent1134,O,0
sent1135,地,0
sent1136,址,0
sent1137,空,0
sent1138,间,0
sent1139,扫,0
sent1140,描,0
sent1141,进,0
sent1142,行,0
sent1143,I,0
sent1144,O,0
sent1145,设,0
sent1146,备,0
sent1147,初,0
sent1148,始,0
sent1149,化,0
sent1150,，,0
sent1151,计,0
sent1152,算,0
sent1153,机,0
sent1154,系,0
sent1155,统,0
sent1156,的,0
sent1157,启,0
sent1158,动,0
sent1159,过,0
sent1160,程,0
sent1161,，,0
sent1162,重,0
sent1163,要,0
sent1164,总,0
sent1165,线,0
sent1166,如,0
sent1167,A,0
sent1168,X,0
sent1169,I,0
sent1170,总,0
sent1171,线,0
sent1172,、,0
sent1173,内,0
sent1174,存,0
sent1175,总,0
sent1176,线,0
sent1177,、,0
sent1178,P,0
sent1179,C,0
sent1180,I,0
sent1181,E,0
sent1182,总,0
sent1183,线,0
sent1184,的,0
sent1185,信,0
sent1186,号,0
sent1187,及,0
sent1188,其,0
sent1189,时,0
sent1190,序,0
sent1191,，,0
sent1192,用,0
sent1193,V,0
sent1194,e,0
sent1195,r,0
sent1196,i,0
sent1197,l,0
sent1198,o,0
sent1199,g,0
sent11100,编,0
sent11101,写,0
sent11102,R,0
sent11103,T,0
sent11104,L,0
sent11105,代,0
sent11106,码,0
sent11107,的,0
sent11108,能,0
sent11109,力,0
sent11110,，,0
sent11111,先,0
sent11112,行,0
sent11113,进,0
sent11114,位,0
sent11115,加,0
sent11116,法,0
sent11117,器,0
sent11118,的,0
sent11119,逻,0
sent11120,辑,0
sent11121,，,0
sent11122,两,0
sent11123,位,0
sent11124,一,0
sent11125,乘,0
sent11126,补,0
sent11127,码,0
sent11128,乘,0
sent11129,法,0
sent11130,器,0
sent11131,逻,0
sent11132,辑,0
sent11133,，,0
sent11134,用,0
sent11135,P,0
sent11136,e,0
sent11137,r,0
sent11138,f,0
sent11139,进,0
sent11140,行,0
sent11141,性,0
sent11142,能,0
sent11143,分,0
sent11144,析,0
sent11145,的,0
sent11146,能,0
sent11147,力,0
sent11148,，,0
sent11149,等,0
sent11150,等,0
sent11151,。,0
sent121,本,0
sent122,书,0
sent123,第,0
sent124,一,0
sent125,部,0
sent126,分,0
sent127,为,0
sent128,引,0
sent129,言,0
sent1210,，,0
sent1211,介,0
sent1212,绍,0
sent1213,体,0
sent1214,系,0
sent1215,结,0
sent1216,构,0
sent1217,研,0
sent1218,究,0
sent1219,内,0
sent1220,容,0
sent1221,、,0
sent1222,主,0
sent1223,要,0
sent1224,性,0
sent1225,能,0
sent1226,指,0
sent1227,标,0
sent1228,、,0
sent1229,发,0
sent1230,展,0
sent1231,趋,0
sent1232,势,0
sent1233,以,0
sent1234,及,0
sent1235,设,0
sent1236,计,0
sent1237,原,0
sent1238,则,0
sent1239,。,0
sent131,计,0
sent132,算,0
sent133,机,0
sent134,体,0
sent135,系,0
sent136,结,0
sent137,构,0
sent138,（,0
sent139,C,0
sent1310,o,0
sent1311,m,0
sent1312,p,0
sent1313,u,0
sent1314,t,0
sent1315,e,0
sent1316,r,0
sent1317,A,0
sent1318,r,0
sent1319,c,0
sent1320,h,0
sent1321,i,0
sent1322,t,0
sent1323,e,0
sent1324,c,0
sent1325,t,0
sent1326,u,0
sent1327,r,0
sent1328,e,0
sent1329,）,0
sent1330,是,0
sent1331,描,0
sent1332,述,0
sent1333,计,0
sent1334,算,0
sent1335,机,0
sent1336,各,0
sent1337,组,0
sent1338,成,0
sent1339,部,0
sent1340,分,0
sent1341,及,0
sent1342,其,0
sent1343,相,0
sent1344,互,0
sent1345,关,0
sent1346,系,0
sent1347,的,0
sent1348,一,0
sent1349,组,0
sent1350,规,0
sent1351,则,0
sent1352,和,0
sent1353,方,0
sent1354,法,0
sent1355,，,0
sent1356,是,0
sent1357,程,0
sent1358,序,0
sent1359,员,0
sent1360,所,0
sent1361,看,0
sent1362,到,0
sent1363,的,0
sent1364,计,0
sent1365,算,0
sent1366,机,0
sent1367,属,0
sent1368,性,0
sent1369,。,0
sent141,计,0
sent142,算,0
sent143,机,0
sent144,体,0
sent145,系,0
sent146,结,0
sent147,构,0
sent148,的,0
sent149,主,0
sent1410,要,0
sent1411,研,0
sent1412,究,0
sent1413,内,0
sent1414,容,0
sent1415,包,0
sent1416,括,0
sent1417,指,0
sent1418,令,0
sent1419,系,0
sent1420,统,0
sent1421,结,0
sent1422,构,0
sent1423,（,0
sent1424,I,0
sent1425,n,0
sent1426,s,0
sent1427,t,0
sent1428,r,0
sent1429,u,0
sent1430,c,0
sent1431,t,0
sent1432,i,0
sent1433,o,0
sent1434,n,0
sent1435,S,0
sent1436,e,0
sent1437,t,0
sent1438,A,0
sent1439,r,0
sent1440,c,0
sent1441,h,0
sent1442,i,0
sent1443,t,0
sent1444,e,0
sent1445,c,0
sent1446,t,0
sent1447,u,0
sent1448,r,0
sent1449,e,0
sent1450,，,0
sent1451,简,0
sent1452,称,0
sent1453,I,0
sent1454,S,0
sent1455,A,0
sent1456,）,0
sent1457,和,0
sent1458,计,0
sent1459,算,0
sent1460,机,0
sent1461,组,0
sent1462,织,0
sent1463,结,0
sent1464,构,0
sent1465,（,0
sent1466,C,0
sent1467,o,0
sent1468,m,0
sent1469,p,0
sent1470,u,0
sent1471,t,0
sent1472,e,0
sent1473,r,0
sent1474,O,0
sent1475,r,0
sent1476,g,0
sent1477,a,0
sent1478,n,0
sent1479,i,0
sent1480,z,0
sent1481,a,0
sent1482,t,0
sent1483,i,0
sent1484,o,0
sent1485,n,0
sent1486,）,0
sent1487,。,0
sent151,微,1
sent152,体,0
sent153,系,0
sent154,结,0
sent155,构,0
sent156,（,0
sent157,M,0
sent158,i,0
sent159,c,0
sent1510,r,0
sent1511,o,0
sent1512,-,0
sent1513,a,0
sent1514,r,0
sent1515,c,0
sent1516,h,0
sent1517,i,0
sent1518,t,0
sent1519,e,0
sent1520,c,0
sent1521,t,0
sent1522,u,0
sent1523,r,0
sent1524,e,0
sent1525,）,0
sent1526,是,0
sent1527,微,0
sent1528,处,0
sent1529,理,0
sent1530,器,0
sent1531,的,0
sent1532,组,0
sent1533,织,0
sent1534,结,0
sent1535,构,0
sent1536,，,0
sent1537,并,0
sent1538,行,0
sent1539,体,0
sent1540,系,0
sent1541,结,0
sent1542,构,0
sent1543,是,0
sent1544,并,0
sent1545,行,0
sent1546,计,0
sent1547,算,0
sent1548,机,0
sent1549,的,0
sent1550,组,0
sent1551,织,0
sent1552,结,0
sent1553,构,0
sent1554,。,0
sent161,冯,0
sent162,·,0
sent163,诺,0
sent164,依,0
sent165,曼,0
sent166,结,0
sent167,构,0
sent168,的,0
sent169,存,0
sent1610,储,0
sent1611,程,0
sent1612,序,0
sent1613,和,0
sent1614,指,0
sent1615,令,0
sent1616,驱,0
sent1617,动,0
sent1618,执,0
sent1619,行,0
sent1620,原,0
sent1621,理,0
sent1622,是,0
sent1623,现,0
sent1624,代,0
sent1625,计,0
sent1626,算,0
sent1627,机,0
sent1628,体,0
sent1629,系,0
sent1630,结,0
sent1631,构,0
sent1632,的,0
sent1633,基,0
sent1634,础,0
sent1635,。,0
sent171,本,0
sent172,书,0
sent173,第,0
sent174,二,0
sent175,部,0
sent176,分,0
sent177,介,0
sent178,绍,0
sent179,以,0
sent1710,指,0
sent1711,令,0
sent1712,系,0
sent1713,统,0
sent1714,结,0
sent1715,构,0
sent1716,为,0
sent1717,核,0
sent1718,心,0
sent1719,的,0
sent1720,软,0
sent1721,硬,0
sent1722,件,0
sent1723,界,0
sent1724,面,0
sent1725,，,0
sent1726,包,0
sent1727,括,0
sent1728,指,0
sent1729,令,0
sent1730,系,0
sent1731,统,0
sent1732,总,0
sent1733,体,0
sent1734,介,0
sent1735,绍,0
sent1736,、,0
sent1737,指,0
sent1738,令,0
sent1739,集,0
sent1740,结,0
sent1741,构,0
sent1742,、,0
sent1743,异,0
sent1744,常,0
sent1745,与,0
sent1746,中,0
sent1747,断,0
sent1748,、,0
sent1749,存,0
sent1750,储,0
sent1751,管,0
sent1752,理,0
sent1753,、,0
sent1754,软,0
sent1755,硬,0
sent1756,件,0
sent1757,协,0
sent1758,同,0
sent1759,等,0
sent1760,内,0
sent1761,容,0
sent1762,。,0
sent181,贯,0
sent182,穿,0
sent183,该,0
sent184,部,0
sent185,分,0
sent186,内,0
sent187,容,0
sent188,的,0
sent189,一,0
sent1810,个,0
sent1811,核,0
sent1812,心,0
sent1813,思,0
sent1814,想,0
sent1815,是,0
sent1816,建,0
sent1817,立,0
sent1818,高,0
sent1819,级,0
sent1820,语,0
sent1821,言,0
sent1822,（,0
sent1823,如,0
sent1824,C,0
sent1825,语,0
sent1826,言,0
sent1827,）,0
sent1828,与,0
sent1829,指,0
sent1830,令,0
sent1831,系,0
sent1832,统,0
sent1833,结,0
sent1834,构,0
sent1835,的,0
sent1836,关,0
sent1837,系,0
sent1838,。,0
sent191,例,0
sent192,如,0
sent193,，,0
sent194,C,0
sent195,语,0
sent196,言,0
sent197,的,0
sent198,语,0
sent199,句,0
sent1910,与,0
sent1911,指,0
sent1912,令,0
sent1913,系,0
sent1914,统,0
sent1915,的,0
sent1916,关,0
sent1917,系,0
sent1918,，,0
sent1919,算,0
sent1920,术,0
sent1921,语,0
sent1922,句,0
sent1923,可,0
sent1924,直,0
sent1925,接,0
sent1926,映,0
sent1927,射,0
sent1928,为,0
sent1929,相,0
sent1930,关,0
sent1931,运,0
sent1932,算,0
sent1933,指,0
sent1934,令,0
sent1935,，,0
sent1936,f,0
sent1937,o,0
sent1938,r,0
sent1939,循,0
sent1940,环,0
sent1941,映,0
sent1942,射,0
sent1943,为,0
sent1944,条,0
sent1945,件,0
sent1946,跳,0
sent1947,转,0
sent1948,，,0
sent1949,s,0
sent1950,w,0
sent1951,i,0
sent1952,t,0
sent1953,c,0
sent1954,h,0
sent1955,语,0
sent1956,句,0
sent1957,映,0
sent1958,射,0
sent1959,为,0
sent1960,跳,0
sent1961,转,0
sent1962,索,0
sent1963,引,0
sent1964,和,0
sent1965,跳,0
sent1966,转,0
sent1967,表,0
sent1968,等,0
sent1969,；,0
sent1970,操,0
sent1971,作,0
sent1972,系,0
sent1973,统,0
sent1974,中,0
sent1975,地,0
sent1976,址,0
sent1977,空,0
sent1978,间,0
sent1979,的,0
sent1980,组,0
sent1981,织,0
sent1982,与,0
sent1983,指,0
sent1984,令,0
sent1985,访,0
sent1986,问,0
sent1987,内,0
sent1988,存,0
sent1989,的,0
sent1990,关,0
sent1991,系,0
sent1992,，,0
sent1993,静,0
sent1994,态,0
sent1995,全,0
sent1996,局,0
sent1997,变,0
sent1998,量,0
sent1999,映,0
sent19100,射,0
sent19101,到,0
sent19102,地,0
sent19103,址,0
sent19104,空,0
sent19105,间,0
sent19106,的,0
sent19107,静,0
sent19108,态,0
sent19109,数,0
sent19110,据,0
sent19111,区,0
sent19112,、,0
sent19113,局,0
sent19114,部,0
sent19115,变,0
sent19116,量,0
sent19117,映,0
sent19118,射,0
sent19119,到,0
sent19120,堆,0
sent19121,栈,0
sent19122,区,0
sent19123,、,0
sent19124,动,0
sent19125,态,0
sent19126,分,0
sent19127,配,0
sent19128,的,0
sent19129,数,0
sent19130,据,0
sent19131,则,0
sent19132,映,0
sent19133,射,0
sent19134,到,0
sent19135,进,0
sent19136,程,0
sent19137,空,0
sent19138,间,0
sent19139,的,0
sent19140,堆,0
sent19141,中,0
sent19142,；,0
sent19143,操,0
sent19144,作,0
sent19145,系,0
sent19146,统,0
sent19147,中,0
sent19148,进,0
sent19149,程,0
sent19150,和,0
sent19151,线,0
sent19152,程,0
sent19153,的,0
sent19154,表,0
sent19155,示,0
sent19156,及,0
sent19157,切,0
sent19158,换,0
sent19159,在,0
sent19160,指,0
sent19161,令,0
sent19162,和,0
sent19163,地,0
sent19164,址,0
sent19165,映,0
sent19166,射,0
sent19167,方,0
sent19168,面,0
sent19169,的,0
sent19170,具,0
sent19171,体,0
sent19172,体,0
sent19173,现,0
sent19174,；,0
sent19175,敲,0
sent19176,击,0
sent19177,键,0
sent19178,盘,0
sent19179,和,0
sent19180,移,0
sent19181,动,0
sent19182,鼠,0
sent19183,标,0
sent19184,等,0
sent19185,事,0
sent19186,件,0
sent19187,如,0
sent19188,何,0
sent19189,通,0
sent19190,过,0
sent19191,指,0
sent19192,令,0
sent19193,系,0
sent19194,统,0
sent19195,的,0
sent19196,外,0
sent19197,部,0
sent19198,中,0
sent19199,断,0
sent19200,传,0
sent19201,递,0
sent19202,到,0
sent19203,C,0
sent19204,P,0
sent19205,U,0
sent19206,，,0
sent19207,以,0
sent19208,及,0
sent19209,指,0
sent19210,令,0
sent19211,系,0
sent19212,统,0
sent19213,对,0
sent19214,操,0
sent19215,作,0
sent19216,系,0
sent19217,统,0
sent19218,处,0
sent19219,理,0
sent19220,外,0
sent19221,部,0
sent19222,中,0
sent19223,断,0
sent19224,的,0
sent19225,必,0
sent19226,要,0
sent19227,支,0
sent19228,持,0
sent19229,；,0
sent19230,等,0
sent19231,等,0
sent19232,。,0
sent201,本,1
sent202,书,0
sent203,第,0
sent204,三,0
sent205,部,0
sent206,分,0
sent207,介,0
sent208,绍,0
sent209,计,0
sent2010,算,0
sent2011,机,0
sent2012,硬,0
sent2013,件,0
sent2014,结,0
sent2015,构,0
sent2016,。,0
sent211,该,0
sent212,部,0
sent213,分,0
sent214,的,0
sent215,核,0
sent216,心,0
sent217,思,0
sent218,想,0
sent219,是,0
sent2110,搞,0
sent2111,清,0
sent2112,楚,0
sent2113,计,0
sent2114,算,0
sent2115,机,0
sent2116,内,0
sent2117,部,0
sent2118,包,0
sent2119,括,0
sent2120,C,0
sent2121,P,0
sent2122,U,0
sent2123,、,0
sent2124,G,0
sent2125,P,0
sent2126,U,0
sent2127,、,0
sent2128,内,0
sent2129,存,0
sent2130,、,0
sent2131,I,0
sent2132,O,0
sent2133,之,0
sent2134,间,0
sent2135,是,0
sent2136,如,0
sent2137,何,0
sent2138,协,0
sent2139,同,0
sent2140,完,0
sent2141,成,0
sent2142,软,0
sent2143,件,0
sent2144,规,0
sent2145,定,0
sent2146,的,0
sent2147,各,0
sent2148,种,0
sent2149,操,0
sent2150,作,0
sent2151,的,0
sent2152,。,0
sent221,例,0
sent222,如,0
sent223,，,0
sent224,在,0
sent225,计,0
sent226,算,0
sent227,机,0
sent228,开,0
sent229,机,0
sent2210,过,0
sent2211,程,0
sent2212,中,0
sent2213,，,0
sent2214,B,0
sent2215,I,0
sent2216,O,0
sent2217,S,0
sent2218,完,0
sent2219,成,0
sent2220,硬,0
sent2221,件,0
sent2222,初,0
sent2223,始,0
sent2224,化,0
sent2225,后,0
sent2226,把,0
sent2227,操,0
sent2228,作,0
sent2229,系,0
sent2230,统,0
sent2231,从,0
sent2232,硬,0
sent2233,盘,0
sent2234,拷,0
sent2235,贝,0
sent2236,到,0
sent2237,内,0
sent2238,存,0
sent2239,执,0
sent2240,行,0
sent2241,的,0
sent2242,过,0
sent2243,程,0
sent2244,中,0
sent2245,南,0
sent2246,北,0
sent2247,桥,0
sent2248,与,0
sent2249,C,0
sent2250,P,0
sent2251,U,0
sent2252,是,0
sent2253,如,0
sent2254,何,0
sent2255,配,0
sent2256,合,0
sent2257,的,0
sent2258,；,0
sent2259,C,0
sent2260,P,0
sent2261,U,0
sent2262,和,0
sent2263,G,0
sent2264,P,0
sent2265,U,0
sent2266,是,0
sent2267,如,0
sent2268,何,0
sent2269,协,0
sent2270,同,0
sent2271,操,0
sent2272,作,0
sent2273,完,0
sent2274,成,0
sent2275,计,0
sent2276,算,0
sent2277,机,0
sent2278,屏,0
sent2279,幕,0
sent2280,显,0
sent2281,示,0
sent2282,的,0
sent2283,，,0
sent2284,在,0
sent2285,显,0
sent2286,示,0
sent2287,过,0
sent2288,程,0
sent2289,中,0
sent2290,哪,0
sent2291,些,0
sent2292,活,0
sent2293,是,0
sent2294,C,0
sent2295,P,0
sent2296,U,0
sent2297,干,0
sent2298,的,0
sent2299,，,0
sent22100,哪,0
sent22101,些,0
sent22102,活,0
sent22103,是,0
sent22104,G,0
sent22105,P,0
sent22106,U,0
sent22107,干,0
sent22108,的,0
sent22109,；,0
sent22110,以,0
sent22111,太,0
sent22112,网,0
sent22113,接,0
sent22114,口,0
sent22115,、,0
sent22116,U,0
sent22117,S,0
sent22118,B,0
sent22119,接,0
sent22120,口,0
sent22121,等,0
sent22122,各,0
sent22123,种,0
sent22124,接,0
sent22125,口,0
sent22126,的,0
sent22127,驱,0
sent22128,动,0
sent22129,在,0
sent22130,硬,0
sent22131,件,0
sent22132,上,0
sent22133,的,0
sent22134,具,0
sent22135,体,0
sent22136,体,0
sent22137,现,0
sent22138,是,0
sent22139,什,0
sent22140,么,0
sent22141,；,0
sent22142,等,0
sent22143,等,0
sent22144,。,0
sent231,本,0
sent232,书,0
sent233,第,0
sent234,四,0
sent235,部,0
sent236,分,0
sent237,介,0
sent238,绍,0
sent239,微,0
sent2310,结,0
sent2311,构,0
sent2312,。,0
sent241,该,0
sent242,部,0
sent243,分,0
sent244,的,0
sent245,核,0
sent246,心,0
sent247,思,0
sent248,想,0
sent249,是,0
sent2410,建,0
sent2411,立,0
sent2412,指,0
sent2413,令,0
sent2414,系,0
sent2415,统,0
sent2416,和,0
sent2417,晶,0
sent2418,体,0
sent2419,管,0
sent2420,之,0
sent2421,间,0
sent2422,的,0
sent2423,“,0
sent2424,桥,0
sent2425,梁,0
sent2426,”,0
sent2427,。,0
sent251,微,1
sent252,结,0
sent253,构,0
sent254,是,0
sent255,决,0
sent256,定,0
sent257,C,0
sent258,P,0
sent259,U,0
sent2510,性,0
sent2511,能,0
sent2512,的,0
sent2513,关,0
sent2514,键,0
sent2515,因,0
sent2516,素,0
sent2517,。,0
sent211,该,0
sent212,部,0
sent213,分,0
sent214,的,0
sent215,核,0
sent216,心,0
sent217,思,0
sent218,想,0
sent219,是,0
sent2110,搞,0
sent2111,清,0
sent2112,楚,0
sent2113,计,0
sent2114,算,0
sent2115,机,0
sent2116,内,0
sent2117,部,0
sent2118,包,0
sent2119,括,0
sent2120,C,0
sent2121,P,0
sent2122,U,0
sent2123,、,0
sent2124,G,0
sent2125,P,0
sent2126,U,0
sent2127,、,0
sent2128,内,0
sent2129,存,0
sent2130,、,0
sent2131,I,0
sent2132,O,0
sent2133,之,0
sent2134,间,0
sent2135,是,0
sent2136,如,0
sent2137,何,0
sent2138,协,0
sent2139,同,0
sent2140,完,0
sent2141,成,0
sent2142,软,0
sent2143,件,0
sent2144,规,0
sent2145,定,0
sent2146,的,0
sent2147,各,0
sent2148,种,0
sent2149,操,0
sent2150,作,0
sent2151,的,0
sent2152,。,0
sent221,例,0
sent222,如,0
sent223,，,0
sent224,在,0
sent225,计,0
sent226,算,0
sent227,机,0
sent228,开,0
sent229,机,0
sent2210,过,0
sent2211,程,0
sent2212,中,0
sent2213,，,0
sent2214,B,0
sent2215,I,0
sent2216,O,0
sent2217,S,0
sent2218,完,0
sent2219,成,0
sent2220,硬,0
sent2221,件,0
sent2222,初,0
sent2223,始,0
sent2224,化,0
sent2225,后,0
sent2226,把,0
sent2227,操,0
sent2228,作,0
sent2229,系,0
sent2230,统,0
sent2231,从,0
sent2232,硬,0
sent2233,盘,0
sent2234,拷,0
sent2235,贝,0
sent2236,到,0
sent2237,内,0
sent2238,存,0
sent2239,执,0
sent2240,行,0
sent2241,的,0
sent2242,过,0
sent2243,程,0
sent2244,中,0
sent2245,南,0
sent2246,北,0
sent2247,桥,0
sent2248,与,0
sent2249,C,0
sent2250,P,0
sent2251,U,0
sent2252,是,0
sent2253,如,0
sent2254,何,0
sent2255,配,0
sent2256,合,0
sent2257,的,0
sent2258,；,0
sent2259,C,0
sent2260,P,0
sent2261,U,0
sent2262,和,0
sent2263,G,0
sent2264,P,0
sent2265,U,0
sent2266,是,0
sent2267,如,0
sent2268,何,0
sent2269,协,0
sent2270,同,0
sent2271,操,0
sent2272,作,0
sent2273,完,0
sent2274,成,0
sent2275,计,0
sent2276,算,0
sent2277,机,0
sent2278,屏,0
sent2279,幕,0
sent2280,显,0
sent2281,示,0
sent2282,的,0
sent2283,，,0
sent2284,在,0
sent2285,显,0
sent2286,示,0
sent2287,过,0
sent2288,程,0
sent2289,中,0
sent2290,哪,0
sent2291,些,0
sent2292,活,0
sent2293,是,0
sent2294,C,0
sent2295,P,0
sent2296,U,0
sent2297,干,0
sent2298,的,0
sent2299,，,0
sent22100,哪,0
sent22101,些,0
sent22102,活,0
sent22103,是,0
sent22104,G,0
sent22105,P,0
sent22106,U,0
sent22107,干,0
sent22108,的,0
sent22109,；,0
sent22110,以,0
sent22111,太,0
sent22112,网,0
sent22113,接,0
sent22114,口,0
sent22115,、,0
sent22116,U,0
sent22117,S,0
sent22118,B,0
sent22119,接,0
sent22120,口,0
sent22121,等,0
sent22122,各,0
sent22123,种,0
sent22124,接,0
sent22125,口,0
sent22126,的,0
sent22127,驱,0
sent22128,动,0
sent22129,在,0
sent22130,硬,0
sent22131,件,0
sent22132,上,0
sent22133,的,0
sent22134,具,0
sent22135,体,0
sent22136,体,0
sent22137,现,0
sent22138,是,0
sent22139,什,0
sent22140,么,0
sent22141,；,0
sent22142,等,0
sent22143,等,0
sent22144,。,0
sent231,本,0
sent232,书,0
sent233,第,0
sent234,四,0
sent235,部,0
sent236,分,0
sent237,介,0
sent238,绍,0
sent239,微,0
sent2310,结,0
sent2311,构,0
sent2312,。,0
sent241,该,0
sent242,部,0
sent243,分,0
sent244,的,0
sent245,核,0
sent246,心,0
sent247,思,0
sent248,想,0
sent249,是,0
sent2410,建,0
sent2411,立,0
sent2412,指,0
sent2413,令,0
sent2414,系,0
sent2415,统,0
sent2416,和,0
sent2417,晶,0
sent2418,体,0
sent2419,管,0
sent2420,之,0
sent2421,间,0
sent2422,的,0
sent2423,“,0
sent2424,桥,0
sent2425,梁,0
sent2426,”,0
sent2427,。,0
sent251,微,1
sent252,结,0
sent253,构,0
sent254,是,0
sent255,决,0
sent256,定,0
sent257,C,0
sent258,P,0
sent259,U,0
sent2510,性,0
sent2511,能,0
sent2512,的,0
sent2513,关,0
sent2514,键,0
sent2515,因,0
sent2516,素,0
sent2517,。,0
sent311,多,0
sent312,核,0
sent313,处,0
sent314,理,0
sent315,器,0
sent316,的,0
sent317,设,0
sent318,计,0
sent319,需,0
sent3110,要,0
sent3111,考,0
sent3112,虑,0
sent3113,存,0
sent3114,储,0
sent3115,一,0
sent3116,致,0
sent3117,性,0
sent3118,模,0
sent3119,型,0
sent3120,、,0
sent3121,高,0
sent3122,速,0
sent3123,缓,0
sent3124,存,0
sent3125,一,0
sent3126,致,0
sent3127,性,0
sent3128,协,0
sent3129,议,0
sent3130,、,0
sent3131,片,0
sent3132,上,0
sent3133,互,0
sent3134,连,0
sent3135,、,0
sent3136,多,0
sent3137,核,0
sent3138,同,0
sent3139,步,0
sent3140,等,0
sent3141,核,0
sent3142,心,0
sent3143,问,0
sent3144,题,0
sent3145,。,0
sent321,本,0
sent322,书,0
sent323,第,0
sent324,六,0
sent325,部,0
sent326,分,0
sent327,介,0
sent328,绍,0
sent329,计,0
sent3210,算,0
sent3211,机,0
sent3212,的,0
sent3213,性,0
sent3214,能,0
sent3215,分,0
sent3216,析,0
sent3217,方,0
sent3218,法,0
sent3219,。,0
sent331,性,0
sent332,能,0
sent333,不,0
sent334,是,0
sent335,由,0
sent336,一,0
sent337,两,0
sent338,个,0
sent339,具,0
sent3310,体,0
sent3311,指,0
sent3312,标,0
sent3313,（,0
sent3314,如,0
sent3315,主,0
sent3316,频,0
sent3317,）,0
sent3318,决,0
sent3319,定,0
sent3320,的,0
sent3321,，,0
sent3322,而,0
sent3323,是,0
sent3324,若,0
sent3325,干,0
sent3326,因,0
sent3327,素,0
sent3328,综,0
sent3329,合,0
sent3330,平,0
sent3331,衡,0
sent3332,的,0
sent3333,结,0
sent3334,果,0
sent3335,；,0
sent3336,性,0
sent3337,能,0
sent3338,评,0
sent3339,测,0
sent3340,也,0
sent3341,没,0
sent3342,有,0
sent3343,绝,0
sent3344,对,0
sent3345,合,0
sent3346,理,0
sent3347,公,0
sent3348,平,0
sent3349,的,0
sent3350,办,0
sent3351,法,0
sent3352,，,0
sent3353,不,0
sent3354,同,0
sent3355,的,0
sent3356,计,0
sent3357,算,0
sent3358,机,0
sent3359,对,0
sent3360,不,0
sent3361,同,0
sent3362,的,0
sent3363,应,0
sent3364,用,0
sent3365,适,0
sent3366,应,0
sent3367,性,0
sent3368,不,0
sent3369,一,0
sent3370,样,0
sent3371,，,0
sent3372,对,0
sent3373,某,0
sent3374,类,0
sent3375,应,0
sent3376,用,0
sent3377,甲,0
sent3378,计,0
sent3379,算,0
sent3380,机,0
sent3381,比,0
sent3382,乙,0
sent3383,计,0
sent3384,算,0
sent3385,机,0
sent3386,性,0
sent3387,能,0
sent3388,高,0
sent3389,，,0
sent3390,对,0
sent3391,另,0
sent3392,外,0
sent3393,一,0
sent3394,类,0
sent3395,应,0
sent3396,用,0
sent3397,可,0
sent3398,能,0
sent3399,反,0
sent33100,之,0
sent33101,。,0
sent341,巨,0
sent342,大,0
sent343,的,0
sent344,设,0
sent345,计,0
sent346,空,0
sent347,间,0
sent348,和,0
sent349,工,0
sent3410,作,0
sent3411,负,0
sent3412,载,0
sent3413,的,0
sent3414,多,0
sent3415,样,0
sent3416,性,0
sent3417,，,0
sent3418,导,0
sent3419,致,0
sent3420,计,0
sent3421,算,0
sent3422,机,0
sent3423,系,0
sent3424,统,0
sent3425,的,0
sent3426,性,0
sent3427,能,0
sent3428,分,0
sent3429,析,0
sent3430,和,0
sent3431,评,0
sent3432,价,0
sent3433,成,0
sent3434,为,0
sent3435,一,0
sent3436,个,0
sent3437,非,0
sent3438,常,0
sent3439,艰,0
sent3440,巨,0
sent3441,的,0
sent3442,任,0
sent3443,务,0
sent3444,。,0
sent351,计,0
sent352,算,0
sent353,机,0
sent354,性,0
sent355,能,0
sent356,分,0
sent357,析,0
sent358,的,0
sent359,主,0
sent3510,要,0
sent3511,方,0
sent3512,法,0
sent3513,包,0
sent3514,括,0
sent3515,理,0
sent3516,论,0
sent3517,建,0
sent3518,模,0
sent3519,，,0
sent3520,用,0
sent3521,模,0
sent3522,拟,0
sent3523,器,0
sent3524,进,0
sent3525,行,0
sent3526,性,0
sent3527,能,0
sent3528,模,0
sent3529,拟,0
sent3530,，,0
sent3531,以,0
sent3532,及,0
sent3533,对,0
sent3534,实,0
sent3535,际,0
sent3536,系,0
sent3537,统,0
sent3538,进,0
sent3539,行,0
sent3540,性,0
sent3541,能,0
sent3542,评,0
sent3543,测,0
sent3544,等,0
sent3545,。,0
